{
  "transformation_matrix": [
    [
      0.9997320674795482,
      -0.013480651389563947,
      -0.01881662273580873,
      -9.921104946177664
    ],
    [
      0.014783827233379702,
      0.997371802661398,
      0.07092901880250585,
      -32.29842996153564
    ],
    [
      0.01781099956213222,
      -0.07118819631136697,
      0.9973038699416205,
      17.478508568051893
    ],
    [
      0.0,
      0.0,
      0.0,
      1.0
    ]
  ],
  "rotation_matrix": [
    [
      0.9997320674795482,
      -0.013480651389563947,
      -0.01881662273580873
    ],
    [
      0.014783827233379702,
      0.997371802661398,
      0.07092901880250585
    ],
    [
      0.01781099956213222,
      -0.07118819631136697,
      0.9973038699416205
    ]
  ],
  "translation_vector": [
    -9.921104946177664,
    -32.29842996153564,
    17.478508568051893
  ],
  "mean_error_mm": 15.379163374822955,
  "std_error_mm": 25.03149951016505,
  "max_error_mm": 175.3244912719097,
  "min_error_mm": 1.3127593227255305,
  "valid_frame_count": 20,
  "total_frame_count": 20,
  "euler_angles_deg": [
    -4.0828848884259195,
    -1.0205490670904123,
    0.8472161663850722
  ],
  "camera1_intrinsics": {
    "matrix": [
      [
        610.334,
        0.0,
        325.213
      ],
      [
        0.0,
        609.949,
        229.971
      ],
      [
        0.0,
        0.0,
        1.0
      ]
    ],
    "distortion": [
      0.0,
      0.0,
      0.0,
      0.0,
      0.0
    ],
    "width": 640,
    "height": 480
  },
  "camera2_intrinsics": {
    "matrix": [
      [
        869.1344,
        0.0,
        644.6411
      ],
      [
        0.0,
        869.1344,
        639.2571
      ],
      [
        0.0,
        0.0,
        1.0
      ]
    ],
    "distortion": [
      0.0,
      0.0,
      0.0,
      0.0,
      0.0
    ],
    "width": 1280,
    "height": 1280
  },
  "camera1_poses": [
    {
      "rvec": [
        [
          0.7213948661951908
        ],
        [
          -0.36513738395898504
        ],
        [
          -0.017905322341291253
        ]
      ],
      "tvec": [
        [
          -29.687972721795965
        ],
        [
          -111.00505347188212
        ],
        [
          821.3378596033167
        ]
      ],
      "frame": 0
    },
    {
      "rvec": [
        [
          0.0838807893765132
        ],
        [
          -0.24500068280200565
        ],
        [
          -0.03197359895480517
        ]
      ],
      "tvec": [
        [
          11.186872886271852
        ],
        [
          -117.00880492805967
        ],
        [
          1256.408442371529
        ]
      ],
      "frame": 1
    },
    {
      "rvec": [
        [
          0.2932474296158868
        ],
        [
          -0.7151189630366594
        ],
        [
          0.2642826739075722
        ]
      ],
      "tvec": [
        [
          -290.182304309578
        ],
        [
          -145.39988379552517
        ],
        [
          1042.5922019187817
        ]
      ],
      "frame": 2
    },
    {
      "rvec": [
        [
          0.1113470816902416
        ],
        [
          -0.388515395252012
        ],
        [
          -0.604998641981197
        ]
      ],
      "tvec": [
        [
          -5.455824161112614
        ],
        [
          67.39398396628415
        ],
        [
          1157.4037874209118
        ]
      ],
      "frame": 3
    },
    {
      "rvec": [
        [
          0.5750011348477545
        ],
        [
          -0.049538761985521575
        ],
        [
          -0.20718994127363194
        ]
      ],
      "tvec": [
        [
          -130.03979621578475
        ],
        [
          -249.80710506593425
        ],
        [
          1242.6902287910136
        ]
      ],
      "frame": 4
    },
    {
      "rvec": [
        [
          0.5885933683819095
        ],
        [
          0.12120402509431329
        ],
        [
          0.302828679264324
        ]
      ],
      "tvec": [
        [
          190.9139465267402
        ],
        [
          -264.92942810380794
        ],
        [
          1191.4523699276158
        ]
      ],
      "frame": 5
    },
    {
      "rvec": [
        [
          0.37678368103028403
        ],
        [
          0.09785512259426182
        ],
        [
          -0.003385480745456671
        ]
      ],
      "tvec": [
        [
          11.54359802453194
        ],
        [
          -26.196105825453223
        ],
        [
          1649.120826097642
        ]
      ],
      "frame": 6
    },
    {
      "rvec": [
        [
          0.2537891402924995
        ],
        [
          0.0184157176037109
        ],
        [
          -0.009068705873469108
        ]
      ],
      "tvec": [
        [
          10.476099786827028
        ],
        [
          -21.337899138180884
        ],
        [
          1001.5361573841492
        ]
      ],
      "frame": 7
    },
    {
      "rvec": [
        [
          0.277641212514828
        ],
        [
          0.07244117903232461
        ],
        [
          -0.0045441901061410135
        ]
      ],
      "tvec": [
        [
          21.91231050941274
        ],
        [
          -58.96055723828296
        ],
        [
          824.2098629608652
        ]
      ],
      "frame": 8
    },
    {
      "rvec": [
        [
          0.12911420806837387
        ],
        [
          0.09697635462645478
        ],
        [
          0.0026738862464727006
        ]
      ],
      "tvec": [
        [
          66.20605053056855
        ],
        [
          -80.7256459117378
        ],
        [
          893.1494165627734
        ]
      ],
      "frame": 9
    },
    {
      "rvec": [
        [
          0.38580733624634966
        ],
        [
          0.13790514792139946
        ],
        [
          -0.19248054035123754
        ]
      ],
      "tvec": [
        [
          92.05971684705912
        ],
        [
          -215.53076034917106
        ],
        [
          909.1299516002866
        ]
      ],
      "frame": 10
    },
    {
      "rvec": [
        [
          0.04901676247777406
        ],
        [
          0.1255043316745992
        ],
        [
          -0.15392772598810514
        ]
      ],
      "tvec": [
        [
          116.80098372481235
        ],
        [
          135.12987869571867
        ],
        [
          971.6571352197825
        ]
      ],
      "frame": 11
    },
    {
      "rvec": [
        [
          0.08873323304898433
        ],
        [
          -0.3126397814366048
        ],
        [
          0.07101126287073796
        ]
      ],
      "tvec": [
        [
          -342.7646680976596
        ],
        [
          118.04370967396261
        ],
        [
          911.7898837017552
        ]
      ],
      "frame": 12
    },
    {
      "rvec": [
        [
          0.42999517403985504
        ],
        [
          0.000263502564780998
        ],
        [
          -0.143471465226756
        ]
      ],
      "tvec": [
        [
          -146.3869354846087
        ],
        [
          -14.808044858864005
        ],
        [
          994.694517195641
        ]
      ],
      "frame": 13
    },
    {
      "rvec": [
        [
          0.33023601097511424
        ],
        [
          0.5842108923568771
        ],
        [
          -0.0885059843102555
        ]
      ],
      "tvec": [
        [
          49.59448381988409
        ],
        [
          -176.2365799794287
        ],
        [
          1088.7873217607018
        ]
      ],
      "frame": 14
    },
    {
      "rvec": [
        [
          0.5899316408313567
        ],
        [
          -0.0034769128626565694
        ],
        [
          -0.010597571521592646
        ]
      ],
      "tvec": [
        [
          -102.89956248691881
        ],
        [
          -51.90572587440381
        ],
        [
          1252.6302096719003
        ]
      ],