{
  "transformation_matrix": [
    [
      0.9997320674795491,
      -0.013480651389564072,
      -0.018816622735808627,
      -9.921104946177849
    ],
    [
      0.014783827233379503,
      0.9973718026613986,
      0.0709290188025052,
      -32.29842996153483
    ],
    [
      0.0178109995621324,
      -0.07118819631136675,
      0.9973038699416206,
      17.478508568051893
    ],
    [
      0.0,
      0.0,
      0.0,
      1.0
    ]
  ],
  "rotation_matrix": [
    [
      0.9997320674795491,
      -0.013480651389564072,
      -0.018816622735808627
    ],
    [
      0.014783827233379503,
      0.9973718026613986,
      0.0709290188025052
    ],
    [
      0.0178109995621324,
      -0.07118819631136675,
      0.9973038699416206
    ]
  ],
  "translation_vector": [
    -9.921104946177849,
    -32.29842996153483,
    17.478508568051893
  ],
  "mean_error_mm": 15.379163374822905,
  "std_error_mm": 25.031499510165077,
  "max_error_mm": 175.32449127190986,
  "min_error_mm": 1.3127593227254877,
  "valid_frame_count": 20,
  "total_frame_count": 20,
  "euler_angles_deg": [
    -4.082884888425891,
    -1.0205490670904123,
    0.8472161663850692
  ],
  "camera1_intrinsics": {
    "matrix": [
      [
        610.334,
        0.0,
        325.213
      ],
      [
        0.0,
        609.949,
        229.971
      ],
      [
        0.0,
        0.0,
        1.0
      ]
    ],
    "distortion": [
      0.0,
      0.0,
      0.0,
      0.0,
      0.0
    ],
    "width": 640,
    "height": 480
  },
  "camera2_intrinsics": {
    "matrix": [
      [
        869.1344,
        0.0,
        644.6411
      ],
      [
        0.0,
        869.1344,
        639.2571
      ],
      [
        0.0,
        0.0,
        1.0
      ]
    ],
    "distortion": [
      0.0,
      0.0,
      0.0,
      0.0,
      0.0
    ],
    "width": 1280,
    "height": 1280
  }
}