{
  "camera_tag": "q3",
  "image_count": 20,
  "image_size": [
    1280,
    1280
  ],
  "camera_matrix": [
    [
      879.604437469175,
      0.0,
      646.8661247776291
    ],
    [
      0.0,
      863.3903746018268,
      641.3885894782371
    ],
    [
      0.0,
      0.0,
      1.0
    ]
  ],
  "distortion_coefficients": [
    [
      -0.02243791898861743,
      0.16485879341691628,
      -6.52744368094888e-05,
      0.001978371840552667,
      -0.25870342774915683
    ]
  ],
  "mean_reprojection_error": 0.01665431449458817,
  "rvecs": [
    [
      [
        0.6345984359293265
      ],
      [
        -0.39353882045951294
      ],
      [
        0.016977408705731514
      ]
    ],
    [
      [
        0.0070351155042105915
      ],
      [
        -0.3131807186897459
      ],
      [
        -0.008495603213864309
      ]
    ],
    [
      [
        0.196795672775258
      ],
      [
        -0.7614263295499522
      ],
      [
        0.3023362570497467
      ]
    ],
    [
      [
        0.06331790889619274
      ],
      [
        -0.45880339286521765
      ],
      [
        -0.5751826259611849
      ]
    ],
    [
      [
        0.4685460578588991
      ],
      [
        -0.09114345354345016
      ],
      [
        -0.1866860156802128
      ]
    ],
    [
      [
        0.4622264619622786
      ],
      [
        0.1358541844928225
      ],
      [
        0.32234302100942525
      ]
    ],
    [
      [
        0.045040315569759855
      ],
      [
        -0.045287525490853305
      ],
      [
        0.023418343137678172
      ]
    ],
    [
      [
        0.12407903107254815
      ],
      [
        -0.039434611976903
      ],
      [
        0.010536900874428554
      ]
    ],
    [
      [
        0.1587364555273602
      ],
      [
        0.007467004737511806
      ],
      [
        0.01693013365619056
      ]
    ],
    [
      [
        0.017384986773453265
      ],
      [
        0.0012339333586294456
      ],
      [
        0.0206068560257704
      ]
    ],
    [
      [
        0.2520735629763061
      ],
      [
        0.07550793323707208
      ],
      [
        -0.17401567855839425
      ]
    ],
    [
      [
        -0.046347367843237834
      ],
      [
        0.043407338866993155
      ],
      [
        -0.1351495012398133
      ]
    ],
    [
      [
        -0.03284283024192931
      ],
      [
        -0.31117123968723476
      ],
      [
        0.08993212193648982
      ]
    ],
    [
      [
        0.32638946623706777
      ],
      [
        -0.0317046962400714
      ],
      [
        -0.12452032809562104
      ]
    ],
    [
      [
        0.23796768519054554
      ],
      [
        0.5902038345913907
      ],
      [
        -0.09562271588663421
      ]
    ],
    [
      [
        0.5780646203731101
      ],
      [
        -0.01579048580022067
      ],
      [
        0.008600814222698415
      ]
    ],
    [
      [
        0.1580984813789124
      ],
      [
        -0.06302720942505913
      ],
      [
        0.015018153134285039
      ]
    ],
    [
      [
        0.08808519254824648
      ],
      [
        -0.05955581994386211
      ],
      [
        -0.007873996247920444
      ]
    ],
    [
      [
        0.1130797432144428
      ],
      [
        -0.3799009435131232
      ],
      [
        0.1466009597507449
      ]
    ],
    [
      [
        -0.19747688754306267
      ],
      [
        -0.11909368840502504
      ],
      [
        0.06080304121672386
      ]
    ]
  ],
  "tvecs": [
    [
      [
        -54.67511796949839
      ],
      [
        -88.86495927688627
      ],
      [
        851.2110274330547
      ]
    ],
    [
      [
        -23.29636825690934
      ],
      [
        -61.936122882339525
      ],
      [
        1264.7529843249222
      ]
    ],
    [
      [
        -319.1059762962517
      ],
      [
        -111.70258616766468
      ],
      [
        1063.3757448255294
      ]
    ],
    [
      [
        -40.37897782276969
      ],
      [
        113.5750979112606
      ],
      [
        1156.7911144736142
      ]
    ],
    [
      [
        -163.13351971409378
      ],
      [
        -195.06689644892506
      ],
      [
        1284.5865816645382
      ]
    ],
    [
      [
        159.61809692363596
      ],
      [
        -211.44594936421393
      ],
      [
        1266.992247422552
      ]
    ],
    [
      [
        -33.515226488097824
      ],
      [
        58.58661746534962
      ],
      [
        1679.5928962675107
      ]
    ],
    [
      [
        -17.667039330565835
      ],
      [
        21.512495149083957
      ],
      [
        1025.5973007415964
      ]
    ],
    [
      [
        -1.6213106786461187
      ],
      [
        -34.394202194315284
      ],
      [
        852.6795795583881
      ]
    ],
    [
      [
        41.11752678151882
      ],
      [
        -54.17680590343303
      ],
      [
        915.2664532921992
      ]
    ],
    [
      [
        67.97714716644452
      ],
      [
        -191.612708072649
      ],
      [
        957.7805026897668
      ]
    ],
    [
      [
        86.1734967409263
      ],
      [
        173.5648511010996
      ],
      [
        985.7899558211244
      ]
    ],
    [
      [
        -374.8962241312815
      ],
      [
        149.0047052425087
      ],
      [
        941.8186821998786
      ]
    ],
    [
      [
        -175.795830538093
      ],
      [
        19.20275368510137
      ],
      [
        1019.2352779367974
      ]
    ],
    [
      [
        24.139374621032296
      ],
      [
        -141.08873248186268
      ],
      [
        1127.4207282800892
      ]
    ],
    [
      [
        -140.22360606976426
      ],
      [
        -13.22449028368683
      ],
      [
        1278.8890187125805
      ]
    ],
    [
      [
        -152.72603502450858
      ],
      [
        -242.2132959725121
      ],
      [
        1647.370173105336
      ]
    ],
    [
      [
        -128.31230865712976
      ],
      [
        -72.59791012063346
      ],
      [
        1738.274360818645
      ]
    ],
    [
      [
        -727.5511937945516
      ],
      [
        -179.5923597757616
      ],
      [
        1577.7165778477947
      ]
    ],
    [
      [
        -256.6534394004031
      ],
      [
        441.12084110924684
      ],
      [
        1668.0659259756471
      ]
    ]
  ]
}