{
  "camera_tag": "rs",
  "image_count": 20,
  "image_size": [
    640,
    480
  ],
  "camera_matrix": [
    [
      609.2143207619263,
      0.0,
      334.4826403781815
    ],
    [
      0.0,
      597.049414305779,
      235.43832951373355
    ],
    [
      0.0,
      0.0,
      1.0
    ]
  ],
  "distortion_coefficients": [
    [
      0.026358802957177498,
      0.4494831105750207,
      0.00043874563140595447,
      0.004343791026305947,
      -1.6316928475364039
    ]
  ],
  "mean_reprojection_error": 0.13933282828806554,
  "rvecs": [
    [
      [
        0.7130374148332316
      ],
      [
        -0.39003073345053113
      ],
      [
        -0.01658550062264542
      ]
    ],
    [
      [
        0.08301918893869319
      ],
      [
        -0.30371905659848497
      ],
      [
        -0.03370476637662388
      ]
    ],
    [
      [
        0.2805849299824833
      ],
      [
        -0.7585971869303527
      ],
      [
        0.2598168718657442
      ]
    ],
    [
      [
        0.1324622702753254
      ],
      [
        -0.4333810041804821
      ],
      [
        -0.6040783987488262
      ]
    ],
    [
      [
        0.5568435649825181
      ],
      [
        -0.07449555378618389
      ],
      [
        -0.2060842623756775
      ]
    ],
    [
      [
        0.5495936481054507
      ],
      [
        0.13157039355425995
      ],
      [
        0.3149011916360295
      ]
    ],
    [
      [
        0.33830562684197807
      ],
      [
        0.08522626217947693
      ],
      [
        0.0016928646245788605
      ]
    ],
    [
      [
        0.20980697538515483
      ],
      [
        -0.02406200101217629
      ],
      [
        -0.003107691324785192
      ]
    ],
    [
      [
        0.22754240465094475
      ],
      [
        0.02770883561930877
      ],
      [
        0.0030250092904585153
      ]
    ],
    [
      [
        0.0787012290942054
      ],
      [
        0.01644961994268619
      ],
      [
        0.009389521631666328
      ]
    ],
    [
      [
        0.32592035799205077
      ],
      [
        0.09980328370000059
      ],
      [
        -0.18447133941744975
      ]
    ],
    [
      [
        0.019011818821457586
      ],
      [
        0.05974183127230426
      ],
      [
        -0.14328618609056804
      ]
    ],
    [
      [
        0.03112643600684247
      ],
      [
        -0.31929892473550575
      ],
      [
        0.06460978833427768
      ]
    ],
    [
      [
        0.40129034950831166
      ],
      [
        -0.019188073223706793
      ],
      [
        -0.14067977210516114
      ]
    ],
    [
      [
        0.32575844062565606
      ],
      [
        0.6033677718214399
      ],
      [
        -0.08060821582375728
      ]
    ],
    [
      [
        0.5703014546390214
      ],
      [
        -0.01971982551144404
      ],
      [
        -0.006047762353094675
      ]
    ],
    [
      [
        0.26053528088811756
      ],
      [
        -0.04051427273984761
      ],
      [
        0.002555908529191172
      ]
    ],
    [
      [
        -0.31641107138301133
      ],
      [
        -0.09696229901801684
      ],
      [
        -0.00021546187462321537
      ]
    ],
    [
      [
        0.3389169032784725
      ],
      [
        -0.32271329698945495
      ],
      [
        0.15741562543774557
      ]
    ],
    [
      [
        -0.11395831780474464
      ],
      [
        -0.1475890139256166
      ],
      [
        0.050409698122108
      ]
    ]
  ],
  "tvecs": [
    [
      [
        -42.08514762195181
      ],
      [
        -120.16695375901583
      ],
      [
        815.4209762129038
      ]
    ],
    [
      [
        -8.237068062013371
      ],
      [
        -128.23143332261242
      ],
      [
        1226.0854619027207
      ]
    ],
    [
      [
        -301.5303702708479
      ],
      [
        -155.61316405311237
      ],
      [
        1025.8055148829174
      ]
    ],
    [
      [
        -23.05909376222042
      ],
      [
        56.787780154669456
      ],
      [
        1127.1304690040795
      ]
    ],
    [
      [
        -148.96122540468104
      ],
      [
        -265.5267506977587
      ],
      [
        1238.4345306439268
      ]
    ],
    [
      [
        175.19849935104
      ],
      [
        -283.94420421771883
      ],
      [
        1209.6031069440085
      ]
    ],
    [
      [
        -13.211102928249646
      ],
      [
        -41.7033322710848
      ],
      [
        1649.7298551011272
      ]
    ],
    [
      [
        -4.366394191953534
      ],
      [
        -30.782657484144696
      ],
      [
        997.6617508348297
      ]
    ],
    [
      [
        10.036703960876318
      ],
      [
        -67.53457644086264
      ],
      [
        823.5831362759222
      ]
    ],
    [
      [
        51.93649185648904
      ],
      [
        -89.55292967256536
      ],
      [
        882.7162890684615
      ]
    ],
    [
      [
        78.8866154493772
      ],
      [
        -229.05490730263523
      ],
      [
        915.2318256167463
      ]
    ],
    [
      [
        101.17028555970803
      ],
      [
        128.04915449092474
      ],
      [
        967.588827945098
      ]
    ],
    [
      [
        -359.9020081495815
      ],
      [
        113.42697368714973
      ],
      [
        923.0633692958432
      ]
    ],
    [
      [
        -161.4335791904145
      ],
      [
        -24.25255502327193
      ],
      [
        991.9016489980623
      ]
    ],
    [
      [
        33.43408711305538
      ],
      [
        -187.84465360903275
      ],
      [
        1081.5772011194751
      ]
    ],
    [
      [
        -121.8738685654085
      ],
      [
        -64.3817952417525
      ],
      [
        1249.5920936108637
      ]
    ],
    [
      [
        -138.0883116397853
      ],
      [
        -336.0209844057108
      ],
      [
        1595.892649094998
      ]
    ],
    [
      [
        -107.06673836136152
      ],
      [
        -178.32003281365735
      ],
      [
        1839.5225621409165
      ]
    ],
    [
      [
        -703.1361930205625
      ],
      [
        -253.8059346099822
      ],
      [
        1525.0793372768528
      ]
    ],
    [
      [
        -226.84012234309765
      ],
      [
        333.87042147267675
      ],
      [
        1652.1212815320055
      ]
    ]
  ]
}